[
  {
    "model": "surveys.survey",
    "pk": 1,
    "fields": {
      "name": "Test Survey",
      "description": "<p><u>Hello</u>&nbsp;this is<sup>1</sup> test <em>survey</em>.</p>\r\n\r\n<p>&nbsp;Good <strong>luck</strong>!</p>",
      "created_at": "2021-03-09T09:34:45.495Z",
      "start_at": "2021-03-19T07:55:00Z",
      "end_at": "2021-03-19T08:00:00Z"
    }
  },
  {
    "model": "surveys.survey",
    "pk": 2,
    "fields": {
      "name": "zxc",
      "description": "<p>cxz</p>",
      "created_at": "2021-03-17T10:18:19.191Z",
      "start_at": "2021-03-17T10:18:15Z",
      "end_at": "2021-03-17T10:19:55Z"
    }
  },
  {
    "model": "surveys.answer",
    "pk": 1,
    "fields": {
      "content_type": [
        "surveys",
        "choicequestion"
      ],
      "object_id": 2,
      "text": "<p>a1</p>"
    }
  },
  {
    "model": "surveys.answer",
    "pk": 2,
    "fields": {
      "content_type": [
        "surveys",
        "choicequestion"
      ],
      "object_id": 2,
      "text": "<p>a2</p>"
    }
  },
  {
    "model": "surveys.answer",
    "pk": 3,
    "fields": {
      "content_type": [
        "surveys",
        "choicequestion"
      ],
      "object_id": 2,
      "text": "<p>a3</p>"
    }
  },
  {
    "model": "surveys.answer",
    "pk": 4,
    "fields": {
      "content_type": [
        "surveys",
        "multichoicequestion"
      ],
      "object_id": 3,
      "text": "<p>a1</p>"
    }
  },
  {
    "model": "surveys.answer",
    "pk": 5,
    "fields": {
      "content_type": [
        "surveys",
        "multichoicequestion"
      ],
      "object_id": 3,
      "text": "<p>a2</p>"
    }
  },
  {
    "model": "surveys.answer",
    "pk": 6,
    "fields": {
      "content_type": [
        "surveys",
        "inputchoicequestion"
      ],
      "object_id": 4,
      "text": "<p>a1</p>"
    }
  },
  {
    "model": "surveys.answer",
    "pk": 7,
    "fields": {
      "content_type": [
        "surveys",
        "inputmultichoicequestion"
      ],
      "object_id": 5,
      "text": "<p>a1</p>"
    }
  },
  {
    "model": "surveys.answer",
    "pk": 8,
    "fields": {
      "content_type": [
        "surveys",
        "inputmultichoicequestion"
      ],
      "object_id": 5,
      "text": "<p>a2</p>"
    }
  },
  {
    "model": "surveys.answer",
    "pk": 9,
    "fields": {
      "content_type": [
        "surveys",
        "inputmultichoicequestion"
      ],
      "object_id": 5,
      "text": "<p>a3</p>"
    }
  },
  {
    "model": "surveys.answer",
    "pk": 10,
    "fields": {
      "content_type": [
        "surveys",
        "inputmultichoicequestion"
      ],
      "object_id": 5,
      "text": "<p>a4</p>"
    }
  },
  {
    "model": "surveys.answer",
    "pk": 11,
    "fields": {
      "content_type": [
        "surveys",
        "inputmultichoicequestion"
      ],
      "object_id": 5,
      "text": "<p>a5</p>"
    }
  },
  {
    "model": "surveys.question",
    "pk": 1,
    "fields": {
      "polymorphic_ctype": [
        "surveys",
        "inputquestion"
      ],
      "survey": 1,
      "text": "<p>Input</p>",
      "position": 0
    }
  },
  {
    "model": "surveys.question",
    "pk": 2,
    "fields": {
      "polymorphic_ctype": [
        "surveys",
        "choicequestion"
      ],
      "survey": 1,
      "text": "<p>Choice</p>",
      "position": 1
    }
  },
  {
    "model": "surveys.question",
    "pk": 3,
    "fields": {
      "polymorphic_ctype": [
        "surveys",
        "multichoicequestion"
      ],
      "survey": 1,
      "text": "<p>MultiChoice</p>",
      "position": 2
    }
  },
  {
    "model": "surveys.question",
    "pk": 4,
    "fields": {
      "polymorphic_ctype": [
        "surveys",
        "inputchoicequestion"
      ],
      "survey": 1,
      "text": "<p>InputChoice</p>",
      "position": 3
    }
  },
  {
    "model": "surveys.question",
    "pk": 5,
    "fields": {
      "polymorphic_ctype": [
        "surveys",
        "inputmultichoicequestion"
      ],
      "survey": 1,
      "text": "<p>InputMultiChoice</p>",
      "position": 4
    }
  },
  {
    "model": "surveys.inputquestion",
    "pk": 1,
    "fields": {
      "question_ptr": 1
    }
  },
  {
    "model": "surveys.choicequestion",
    "pk": 2,
    "fields": {
      "question_ptr": 2
    }
  },
  {
    "model": "surveys.multichoicequestion",
    "pk": 3,
    "fields": {
      "question_ptr": 3
    }
  },
  {
    "model": "surveys.inputchoicequestion",
    "pk": 4,
    "fields": {
      "question_ptr": 4
    }
  },
  {
    "model": "surveys.inputmultichoicequestion",
    "pk": 5,
    "fields": {
      "question_ptr": 5
    }
  },
  {
    "model": "surveys.useranswer",
    "pk": 1,
    "fields": {
      "polymorphic_ctype": [
        "surveys",
        "userinputanswer"
      ]
    }
  },
  {
    "model": "surveys.useranswer",
    "pk": 2,
    "fields": {
      "polymorphic_ctype": [
        "surveys",
        "userinputanswer"
      ]
    }
  },
  {
    "model": "surveys.useranswer",
    "pk": 3,
    "fields": {
      "polymorphic_ctype": [
        "surveys",
        "userinputanswer"
      ]
    }
  },
  {
    "model": "surveys.useranswer",
    "pk": 4,
    "fields": {
      "polymorphic_ctype": [
        "surveys",
        "userinputanswer"
      ]
    }
  },
  {
    "model": "surveys.useranswer",
    "pk": 5,
    "fields": {
      "polymorphic_ctype": [
        "surveys",
        "userinputanswer"
      ]
    }
  },
  {
    "model": "surveys.useranswer",
    "pk": 6,
    "fields": {
      "polymorphic_ctype": [
        "surveys",
        "userchoiceanswer"
      ]
    }
  },
  {
    "model": "surveys.useranswer",
    "pk": 7,
    "fields": {
      "polymorphic_ctype": [
        "surveys",
        "userchoiceanswer"
      ]
    }
  },
  {
    "model": "surveys.useranswer",
    "pk": 8,
    "fields": {
      "polymorphic_ctype": [
        "surveys",
        "userchoiceanswer"
      ]
    }
  },
  {
    "model": "surveys.useranswer",
    "pk": 9,
    "fields": {
      "polymorphic_ctype": [
        "surveys",
        "userchoiceanswer"
      ]
    }
  },
  {
    "model": "surveys.useranswer",
    "pk": 10,
    "fields": {
      "polymorphic_ctype": [
        "surveys",
        "userchoiceanswer"
      ]
    }
  },
  {
    "model": "surveys.useranswer",
    "pk": 11,
    "fields": {
      "polymorphic_ctype": [
        "surveys",
        "userchoiceanswer"
      ]
    }
  },
  {
    "model": "surveys.useranswer",
    "pk": 12,
    "fields": {
      "polymorphic_ctype": [
        "surveys",
        "userchoiceanswer"
      ]
    }
  },
  {
    "model": "surveys.useranswer",
    "pk": 13,
    "fields": {
      "polymorphic_ctype": [
        "surveys",
        "userchoiceanswer"
      ]
    }
  },
  {
    "model": "surveys.useranswer",
    "pk": 14,
    "fields": {
      "polymorphic_ctype": [
        "surveys",
        "userchoiceanswer"
      ]
    }
  },
  {
    "model": "surveys.useranswer",
    "pk": 15,
    "fields": {
      "polymorphic_ctype": [
        "surveys",
        "userchoiceanswer"
      ]
    }
  },
  {
    "model": "surveys.useranswer",
    "pk": 16,
    "fields": {
      "polymorphic_ctype": [
        "surveys",
        "userchoiceanswer"
      ]
    }
  },
  {
    "model": "surveys.useranswer",
    "pk": 17,
    "fields": {
      "polymorphic_ctype": [
        "surveys",
        "userchoiceanswer"
      ]
    }
  },
  {
    "model": "surveys.useranswer",
    "pk": 18,
    "fields": {
      "polymorphic_ctype": [
        "surveys",
        "userchoiceanswer"
      ]
    }
  },
  {
    "model": "surveys.useranswer",
    "pk": 19,
    "fields": {
      "polymorphic_ctype": [
        "surveys",
        "userchoiceanswer"
      ]
    }
  },
  {
    "model": "surveys.useranswer",
    "pk": 20,
    "fields": {
      "polymorphic_ctype": [
        "surveys",
        "userchoiceanswer"
      ]
    }
  },
  {
    "model": "surveys.useranswer",
    "pk": 21,
    "fields": {
      "polymorphic_ctype": [
        "surveys",
        "userchoiceanswer"
      ]
    }
  },
  {
    "model": "surveys.useranswer",
    "pk": 22,
    "fields": {
      "polymorphic_ctype": [
        "surveys",
        "userchoiceanswer"
      ]
    }
  },
  {
    "model": "surveys.useranswer",
    "pk": 23,
    "fields": {
      "polymorphic_ctype": [
        "surveys",
        "userchoiceanswer"
      ]
    }
  },
  {
    "model": "surveys.useranswer",
    "pk": 24,
    "fields": {
      "polymorphic_ctype": [
        "surveys",
        "userchoiceanswer"
      ]
    }
  },
  {
    "model": "surveys.useranswer",
    "pk": 25,
    "fields": {
      "polymorphic_ctype": [
        "surveys",
        "userchoiceanswer"
      ]
    }
  },
  {
    "model": "surveys.useranswer",
    "pk": 26,
    "fields": {
      "polymorphic_ctype": [
        "surveys",
        "userchoiceanswer"
      ]
    }
  },
  {
    "model": "surveys.useranswer",
    "pk": 27,
    "fields": {
      "polymorphic_ctype": [
        "surveys",
        "userchoiceanswer"
      ]
    }
  },
  {
    "model": "surveys.useranswer",
    "pk": 28,
    "fields": {
      "polymorphic_ctype": [
        "surveys",
        "userchoiceanswer"
      ]
    }
  },
  {
    "model": "surveys.useranswer",
    "pk": 29,
    "fields": {
      "polymorphic_ctype": [
        "surveys",
        "userchoiceanswer"
      ]
    }
  },
  {
    "model": "surveys.useranswer",
    "pk": 30,
    "fields": {
      "polymorphic_ctype": [
        "surveys",
        "userchoiceanswer"
      ]
    }
  },
  {
    "model": "surveys.useranswer",
    "pk": 31,
    "fields": {
      "polymorphic_ctype": [
        "surveys",
        "userchoiceanswer"
      ]
    }
  },
  {
    "model": "surveys.useranswer",
    "pk": 32,
    "fields": {
      "polymorphic_ctype": [
        "surveys",
        "userchoiceanswer"
      ]
    }
  },
  {
    "model": "surveys.useranswer",
    "pk": 33,
    "fields": {
      "polymorphic_ctype": [
        "surveys",
        "userchoiceanswer"
      ]
    }
  },
  {
    "model": "surveys.useranswer",
    "pk": 34,
    "fields": {
      "polymorphic_ctype": [
        "surveys",
        "userchoiceanswer"
      ]
    }
  },
  {
    "model": "surveys.useranswer",
    "pk": 35,
    "fields": {
      "polymorphic_ctype": [
        "surveys",
        "userchoiceanswer"
      ]
    }
  },
  {
    "model": "surveys.useranswer",
    "pk": 36,
    "fields": {
      "polymorphic_ctype": [
        "surveys",
        "userchoiceanswer"
      ]
    }
  },
  {
    "model": "surveys.useranswer",
    "pk": 37,
    "fields": {
      "polymorphic_ctype": [
        "surveys",
        "userchoiceanswer"
      ]
    }
  },
  {
    "model": "surveys.useranswer",
    "pk": 38,
    "fields": {
      "polymorphic_ctype": [
        "surveys",
        "userchoiceanswer"
      ]
    }
  },
  {
    "model": "surveys.useranswer",
    "pk": 39,
    "fields": {
      "polymorphic_ctype": [
        "surveys",
        "userchoiceanswer"
      ]
    }
  },
  {
    "model": "surveys.useranswer",
    "pk": 40,
    "fields": {
      "polymorphic_ctype": [
        "surveys",
        "userchoiceanswer"
      ]
    }
  },
  {
    "model": "surveys.useranswer",
    "pk": 41,
    "fields": {
      "polymorphic_ctype": [
        "surveys",
        "userchoiceanswer"
      ]
    }
  },
  {
    "model": "surveys.useranswer",
    "pk": 42,
    "fields": {
      "polymorphic_ctype": [
        "surveys",
        "userchoiceanswer"
      ]
    }
  },
  {
    "model": "surveys.useranswer",
    "pk": 43,
    "fields": {
      "polymorphic_ctype": [
        "surveys",
        "usermultichoiceanswer"
      ]
    }
  },
  {
    "model": "surveys.useranswer",
    "pk": 44,
    "fields": {
      "polymorphic_ctype": [
        "surveys",
        "usermultichoiceanswer"
      ]
    }
  },
  {
    "model": "surveys.useranswer",
    "pk": 45,
    "fields": {
      "polymorphic_ctype": [
        "surveys",
        "usermultichoiceanswer"
      ]
    }
  },
  {
    "model": "surveys.useranswer",
    "pk": 46,
    "fields": {
      "polymorphic_ctype": [
        "surveys",
        "usermultichoiceanswer"
      ]
    }
  },
  {
    "model": "surveys.useranswer",
    "pk": 47,
    "fields": {
      "polymorphic_ctype": [
        "surveys",
        "usermultichoiceanswer"
      ]
    }
  },
  {
    "model": "surveys.useranswer",
    "pk": 48,
    "fields": {
      "polymorphic_ctype": [
        "surveys",
        "usermultichoiceanswer"
      ]
    }
  },
  {
    "model": "surveys.useranswer",
    "pk": 49,
    "fields": {
      "polymorphic_ctype": [
        "surveys",
        "usermultichoiceanswer"
      ]
    }
  },
  {
    "model": "surveys.useranswer",
    "pk": 50,
    "fields": {
      "polymorphic_ctype": [
        "surveys",
        "usermultichoiceanswer"
      ]
    }
  },
  {
    "model": "surveys.useranswer",
    "pk": 51,
    "fields": {
      "polymorphic_ctype": [
        "surveys",
        "usermultichoiceanswer"
      ]
    }
  },
  {
    "model": "surveys.useranswer",
    "pk": 52,
    "fields": {
      "polymorphic_ctype": [
        "surveys",
        "usermultichoiceanswer"
      ]
    }
  },
  {
    "model": "surveys.useranswer",
    "pk": 53,
    "fields": {
      "polymorphic_ctype": [
        "surveys",
        "usermultichoiceanswer"
      ]
    }
  },
  {
    "model": "surveys.useranswer",
    "pk": 54,
    "fields": {
      "polymorphic_ctype": [
        "surveys",
        "usermultichoiceanswer"
      ]
    }
  },
  {
    "model": "surveys.useranswer",
    "pk": 55,
    "fields": {
      "polymorphic_ctype": [
        "surveys",
        "usermultichoiceanswer"
      ]
    }
  },
  {
    "model": "surveys.useranswer",
    "pk": 56,
    "fields": {
      "polymorphic_ctype": [
        "surveys",
        "usermultichoiceanswer"
      ]
    }
  },
  {
    "model": "surveys.useranswer",
    "pk": 57,
    "fields": {
      "polymorphic_ctype": [
        "surveys",
        "usermultichoiceanswer"
      ]
    }
  },
  {
    "model": "surveys.useranswer",
    "pk": 58,
    "fields": {
      "polymorphic_ctype": [
        "surveys",
        "usermultichoiceanswer"
      ]
    }
  },
  {
    "model": "surveys.useranswer",
    "pk": 59,
    "fields": {
      "polymorphic_ctype": [
        "surveys",
        "usermultichoiceanswer"
      ]
    }
  },
  {
    "model": "surveys.useranswer",
    "pk": 60,
    "fields": {
      "polymorphic_ctype": [
        "surveys",
        "usermultichoiceanswer"
      ]
    }
  },
  {
    "model": "surveys.useranswer",
    "pk": 61,
    "fields": {
      "polymorphic_ctype": [
        "surveys",
        "userinputchoiceanswer"
      ]
    }
  },
  {
    "model": "surveys.useranswer",
    "pk": 62,
    "fields": {
      "polymorphic_ctype": [
        "surveys",
        "userinputchoiceanswer"
      ]
    }
  },
  {
    "model": "surveys.useranswer",
    "pk": 63,
    "fields": {
      "polymorphic_ctype": [
        "surveys",
        "userinputchoiceanswer"
      ]
    }
  },
  {
    "model": "surveys.useranswer",
    "pk": 64,
    "fields": {
      "polymorphic_ctype": [
        "surveys",
        "userinputchoiceanswer"
      ]
    }
  },
  {
    "model": "surveys.useranswer",
    "pk": 65,
    "fields": {
      "polymorphic_ctype": [
        "surveys",
        "userinputchoiceanswer"
      ]
    }
  },
  {
    "model": "surveys.useranswer",
    "pk": 66,
    "fields": {
      "polymorphic_ctype": [
        "surveys",
        "userinputchoiceanswer"
      ]
    }
  },
  {
    "model": "surveys.useranswer",
    "pk": 67,
    "fields": {
      "polymorphic_ctype": [
        "surveys",
        "userinputchoiceanswer"
      ]
    }
  },
  {
    "model": "surveys.useranswer",
    "pk": 68,
    "fields": {
      "polymorphic_ctype": [
        "surveys",
        "userinputchoiceanswer"
      ]
    }
  },
  {
    "model": "surveys.useranswer",
    "pk": 69,
    "fields": {
      "polymorphic_ctype": [
        "surveys",
        "userinputchoiceanswer"
      ]
    }
  },
  {
    "model": "surveys.useranswer",
    "pk": 70,
    "fields": {
      "polymorphic_ctype": [
        "surveys",
        "userinputchoiceanswer"
      ]
    }
  },
  {
    "model": "surveys.useranswer",
    "pk": 71,
    "fields": {
      "polymorphic_ctype": [
        "surveys",
        "userinputchoiceanswer"
      ]
    }
  },
  {
    "model": "surveys.useranswer",
    "pk": 72,
    "fields": {
      "polymorphic_ctype": [
        "surveys",
        "userinputchoiceanswer"
      ]
    }
  },
  {
    "model": "surveys.useranswer",
    "pk": 73,
    "fields": {
      "polymorphic_ctype": [
        "surveys",
        "userinputchoiceanswer"
      ]
    }
  },
  {
    "model": "surveys.useranswer",
    "pk": 74,
    "fields": {
      "polymorphic_ctype": [
        "surveys",
        "userinputchoiceanswer"
      ]
    }
  },
  {
    "model": "surveys.useranswer",
    "pk": 75,
    "fields": {
      "polymorphic_ctype": [
        "surveys",
        "userinputchoiceanswer"
      ]
    }
  },
  {
    "model": "surveys.useranswer",
    "pk": 76,
    "fields": {
      "polymorphic_ctype": [
        "surveys",
        "userinputchoiceanswer"
      ]
    }
  },
  {
    "model": "surveys.useranswer",
    "pk": 77,
    "fields": {
      "polymorphic_ctype": [
        "surveys",
        "userinputchoiceanswer"
      ]
    }
  },
  {
    "model": "surveys.useranswer",
    "pk": 79,
    "fields": {
      "polymorphic_ctype": [
        "surveys",
        "userinputchoiceanswer"
      ]
    }
  },
  {
    "model": "surveys.useranswer",
    "pk": 80,
    "fields": {
      "polymorphic_ctype": [
        "surveys",
        "userchoiceanswer"
      ]
    }
  },
  {
    "model": "surveys.useranswer",
    "pk": 81,
    "fields": {
      "polymorphic_ctype": [
        "surveys",
        "usermultichoiceanswer"
      ]
    }
  },
  {
    "model": "surveys.useranswer",
    "pk": 82,
    "fields": {
      "polymorphic_ctype": [
        "surveys",
        "usermultichoiceanswer"
      ]
    }
  },
  {
    "model": "surveys.useranswer",
    "pk": 88,
    "fields": {
      "polymorphic_ctype": [
        "surveys",
        "userinputchoiceanswer"
      ]
    }
  },
  {
    "model": "surveys.useranswer",
    "pk": 89,
    "fields": {
      "polymorphic_ctype": [
        "surveys",
        "userinputanswer"
      ]
    }
  },
  {
    "model": "surveys.useranswer",
    "pk": 90,
    "fields": {
      "polymorphic_ctype": [
        "surveys",
        "userinputanswer"
      ]
    }
  },
  {
    "model": "surveys.userinputanswer",
    "pk": 90,
    "fields": {
      "useranswer_ptr": 90,
      "question": 1,
      "text": "asd"
    }
  },
  {
    "model": "surveys.userinputanswer",
    "pk": 89,
    "fields": {
      "useranswer_ptr": 89,
      "question": 1,
      "text": "asd"
    }
  },
  {
    "model": "surveys.userinputanswer",
    "pk": 5,
    "fields": {
      "useranswer_ptr": 5,
      "question": 1,
      "text": "&(0jmkjmmmmmmmmm<b>imbold</b>sssss"
    }
  },
  {
    "model": "surveys.userinputanswer",
    "pk": 4,
    "fields": {
      "useranswer_ptr": 4,
      "question": 1,
      "text": "---------8mss22231zz"
    }
  },
  {
    "model": "surveys.userinputanswer",
    "pk": 3,
    "fields": {
      "useranswer_ptr": 3,
      "question": 1,
      "text": "zxxcsss22231zz"
    }
  },
  {
    "model": "surveys.userinputanswer",
    "pk": 2,
    "fields": {
      "useranswer_ptr": 2,
      "question": 1,
      "text": "zxxcssssszzzzz"
    }
  },
  {
    "model": "surveys.userinputanswer",
    "pk": 1,
    "fields": {
      "useranswer_ptr": 1,
      "question": 1,
      "text": "zxzzzzz"
    }
  },
  {
    "model": "surveys.userchoiceanswer",
    "pk": 80,
    "fields": {
      "useranswer_ptr": 80,
      "question": 2,
      "answer": 1
    }
  },
  {
    "model": "surveys.userchoiceanswer",
    "pk": 42,
    "fields": {
      "useranswer_ptr": 42,
      "question": 2,
      "answer": 3
    }
  },
  {
    "model": "surveys.userchoiceanswer",
    "pk": 41,
    "fields": {
      "useranswer_ptr": 41,
      "question": 2,
      "answer": 3
    }
  },
  {
    "model": "surveys.userchoiceanswer",
    "pk": 40,
    "fields": {
      "useranswer_ptr": 40,
      "question": 2,
      "answer": 3
    }
  },
  {
    "model": "surveys.userchoiceanswer",
    "pk": 39,
    "fields": {
      "useranswer_ptr": 39,
      "question": 2,
      "answer": 3
    }
  },
  {
    "model": "surveys.userchoiceanswer",
    "pk": 38,
    "fields": {
      "useranswer_ptr": 38,
      "question": 2,
      "answer": 3
    }
  },
  {
    "model": "surveys.userchoiceanswer",
    "pk": 37,
    "fields": {
      "useranswer_ptr": 37,
      "question": 2,
      "answer": 3
    }
  },
  {
    "model": "surveys.userchoiceanswer",
    "pk": 36,
    "fields": {
      "useranswer_ptr": 36,
      "question": 2,
      "answer": 3
    }
  },
  {
    "model": "surveys.userchoiceanswer",
    "pk": 35,
    "fields": {
      "useranswer_ptr": 35,
      "question": 2,
      "answer": 3
    }
  },
  {
    "model": "surveys.userchoiceanswer",
    "pk": 34,
    "fields": {
      "useranswer_ptr": 34,
      "question": 2,
      "answer": 3
    }
  },
  {
    "model": "surveys.userchoiceanswer",
    "pk": 33,
    "fields": {
      "useranswer_ptr": 33,
      "question": 2,
      "answer": 3
    }
  },
  {
    "model": "surveys.userchoiceanswer",
    "pk": 32,
    "fields": {
      "useranswer_ptr": 32,
      "question": 2,
      "answer": 3
    }
  },
  {
    "model": "surveys.userchoiceanswer",
    "pk": 31,
    "fields": {
      "useranswer_ptr": 31,
      "question": 2,
      "answer": 3
    }
  },
  {
    "model": "surveys.userchoiceanswer",
    "pk": 30,
    "fields": {
      "useranswer_ptr": 30,
      "question": 2,
      "answer": 3
    }
  },
  {
    "model": "surveys.userchoiceanswer",
    "pk": 29,
    "fields": {
      "useranswer_ptr": 29,
      "question": 2,
      "answer": 3
    }
  },
  {
    "model": "surveys.userchoiceanswer",
    "pk": 28,
    "fields": {
      "useranswer_ptr": 28,
      "question": 2,
      "answer": 3
    }
  },
  {
    "model": "surveys.userchoiceanswer",
    "pk": 27,
    "fields": {
      "useranswer_ptr": 27,
      "question": 2,
      "answer": 3
    }
  },
  {
    "model": "surveys.userchoiceanswer",
    "pk": 26,
    "fields": {
      "useranswer_ptr": 26,
      "question": 2,
      "answer": 3
    }
  },
  {
    "model": "surveys.userchoiceanswer",
    "pk": 25,
    "fields": {
      "useranswer_ptr": 25,
      "question": 2,
      "answer": 3
    }
  },
  {
    "model": "surveys.userchoiceanswer",
    "pk": 24,
    "fields": {
      "useranswer_ptr": 24,
      "question": 2,
      "answer": 3
    }
  },
  {
    "model": "surveys.userchoiceanswer",
    "pk": 23,
    "fields": {
      "useranswer_ptr": 23,
      "question": 2,
      "answer": 3
    }
  },
  {
    "model": "surveys.userchoiceanswer",
    "pk": 22,
    "fields": {
      "useranswer_ptr": 22,
      "question": 2,
      "answer": 3
    }
  },
  {
    "model": "surveys.userchoiceanswer",
    "pk": 21,
    "fields": {
      "useranswer_ptr": 21,
      "question": 2,
      "answer": 3
    }
  },
  {
    "model": "surveys.userchoiceanswer",
    "pk": 20,
    "fields": {
      "useranswer_ptr": 20,
      "question": 2,
      "answer": 3
    }
  },
  {
    "model": "surveys.userchoiceanswer",
    "pk": 19,
    "fields": {
      "useranswer_ptr": 19,
      "question": 2,
      "answer": 3
    }
  },
  {
    "model": "surveys.userchoiceanswer",
    "pk": 18,
    "fields": {
      "useranswer_ptr": 18,
      "question": 2,
      "answer": 3
    }
  },
  {
    "model": "surveys.userchoiceanswer",
    "pk": 17,
    "fields": {
      "useranswer_ptr": 17,
      "question": 2,
      "answer": 3
    }
  },
  {
    "model": "surveys.userchoiceanswer",
    "pk": 16,
    "fields": {
      "useranswer_ptr": 16,
      "question": 2,
      "answer": 3
    }
  },
  {
    "model": "surveys.userchoiceanswer",
    "pk": 15,
    "fields": {
      "useranswer_ptr": 15,
      "question": 2,
      "answer": 2
    }
  },
  {
    "model": "surveys.userchoiceanswer",
    "pk": 14,
    "fields": {
      "useranswer_ptr": 14,
      "question": 2,
      "answer": 2
    }
  },
  {
    "model": "surveys.userchoiceanswer",
    "pk": 13,
    "fields": {
      "useranswer_ptr": 13,
      "question": 2,
      "answer": 2
    }
  },
  {
    "model": "surveys.userchoiceanswer",
    "pk": 12,
    "fields": {
      "useranswer_ptr": 12,
      "question": 2,
      "answer": 2
    }
  },
  {
    "model": "surveys.userchoiceanswer",
    "pk": 11,
    "fields": {
      "useranswer_ptr": 11,
      "question": 2,
      "answer": 2
    }
  },
  {
    "model": "surveys.userchoiceanswer",
    "pk": 10,
    "fields": {
      "useranswer_ptr": 10,
      "question": 2,
      "answer": 2
    }
  },
  {
    "model": "surveys.userchoiceanswer",
    "pk": 9,
    "fields": {
      "useranswer_ptr": 9,
      "question": 2,
      "answer": 2
    }
  },
  {
    "model": "surveys.userchoiceanswer",
    "pk": 8,
    "fields": {
      "useranswer_ptr": 8,
      "question": 2,
      "answer": 1
    }
  },
  {
    "model": "surveys.userchoiceanswer",
    "pk": 7,
    "fields": {
      "useranswer_ptr": 7,
      "question": 2,
      "answer": 1
    }
  },
  {
    "model": "surveys.userchoiceanswer",
    "pk": 6,
    "fields": {
      "useranswer_ptr": 6,
      "question": 2,
      "answer": 1
    }
  },
  {
    "model": "surveys.usermultichoiceanswer",
    "pk": 82,
    "fields": {
      "useranswer_ptr": 82,
      "question": 3,
      "answers": [
        5,
        4
      ]
    }
  },
  {
    "model": "surveys.usermultichoiceanswer",
    "pk": 81,
    "fields": {
      "useranswer_ptr": 81,
      "question": 3,
      "answers": [
        4
      ]
    }
  },
  {
    "model": "surveys.usermultichoiceanswer",
    "pk": 60,
    "fields": {
      "useranswer_ptr": 60,
      "question": 3,
      "answers": [
        5
      ]
    }
  },
  {
    "model": "surveys.usermultichoiceanswer",
    "pk": 59,
    "fields": {
      "useranswer_ptr": 59,
      "question": 3,
      "answers": [
        5
      ]
    }
  },
  {
    "model": "surveys.usermultichoiceanswer",
    "pk": 58,
    "fields": {
      "useranswer_ptr": 58,
      "question": 3,
      "answers": [
        5,
        4
      ]
    }
  },
  {
    "model": "surveys.usermultichoiceanswer",
    "pk": 57,
    "fields": {
      "useranswer_ptr": 57,
      "question": 3,
      "answers": [
        5,
        4
      ]
    }
  },
  {
    "model": "surveys.usermultichoiceanswer",
    "pk": 56,
    "fields": {
      "useranswer_ptr": 56,
      "question": 3,
      "answers": [
        5,
        4
      ]
    }
  },
  {
    "model": "surveys.usermultichoiceanswer",
    "pk": 55,
    "fields": {
      "useranswer_ptr": 55,
      "question": 3,
      "answers": [
        5,
        4
      ]
    }
  },
  {
    "model": "surveys.usermultichoiceanswer",
    "pk": 54,
    "fields": {
      "useranswer_ptr": 54,
      "question": 3,
      "answers": [
        5,
        4
      ]
    }
  },
  {
    "model": "surveys.usermultichoiceanswer",
    "pk": 53,
    "fields": {
      "useranswer_ptr": 53,
      "question": 3,
      "answers": [
        5,
        4
      ]
    }
  },
  {
    "model": "surveys.usermultichoiceanswer",
    "pk": 52,
    "fields": {
      "useranswer_ptr": 52,
      "question": 3,
      "answers": [
        5,
        4
      ]
    }
  },
  {
    "model": "surveys.usermultichoiceanswer",
    "pk": 51,
    "fields": {
      "useranswer_ptr": 51,
      "question": 3,
      "answers": [
        5,
        4
      ]
    }
  },
  {
    "model": "surveys.usermultichoiceanswer",
    "pk": 50,
    "fields": {
      "useranswer_ptr": 50,
      "question": 3,
      "answers": [
        5,
        4
      ]
    }
  },
  {
    "model": "surveys.usermultichoiceanswer",
    "pk": 49,
    "fields": {
      "useranswer_ptr": 49,
      "question": 3,
      "answers": [
        5,
        4
      ]
    }
  },
  {
    "model": "surveys.usermultichoiceanswer",
    "pk": 48,
    "fields": {
      "useranswer_ptr": 48,
      "question": 3,
      "answers": [
        5,
        4
      ]
    }
  },
  {
    "model": "surveys.usermultichoiceanswer",
    "pk": 47,
    "fields": {
      "useranswer_ptr": 47,
      "question": 3,
      "answers": [
        5,
        4
      ]
    }
  },
  {
    "model": "surveys.usermultichoiceanswer",
    "pk": 46,
    "fields": {
      "useranswer_ptr": 46,
      "question": 3,
      "answers": [
        4
      ]
    }
  },
  {
    "model": "surveys.usermultichoiceanswer",
    "pk": 45,
    "fields": {
      "useranswer_ptr": 45,
      "question": 3,
      "answers": [
        4
      ]
    }
  },
  {
    "model": "surveys.usermultichoiceanswer",
    "pk": 44,
    "fields": {
      "useranswer_ptr": 44,
      "question": 3,
      "answers": [
        4
      ]
    }
  },
  {
    "model": "surveys.usermultichoiceanswer",
    "pk": 43,
    "fields": {
      "useranswer_ptr": 43,
      "question": 3,
      "answers": [
        4
      ]
    }
  },
  {
    "model": "surveys.userinputchoiceanswer",
    "pk": 88,
    "fields": {
      "useranswer_ptr": 88,
      "question": 4,
      "answer": 6,
      "text": null
    }
  },
  {
    "model": "surveys.userinputchoiceanswer",
    "pk": 79,
    "fields": {
      "useranswer_ptr": 79,
      "question": 4,
      "answer": 6,
      "text": "mnb  cvbnn"
    }
  },
  {
    "model": "surveys.userinputchoiceanswer",
    "pk": 77,
    "fields": {
      "useranswer_ptr": 77,
      "question": 4,
      "answer": null,
      "text": "mnb  cvbnn"
    }
  },
  {
    "model": "surveys.userinputchoiceanswer",
    "pk": 76,
    "fields": {
      "useranswer_ptr": 76,
      "question": 4,
      "answer": null,
      "text": "kjhgf"
    }
  },
  {
    "model": "surveys.userinputchoiceanswer",
    "pk": 75,
    "fields": {
      "useranswer_ptr": 75,
      "question": 4,
      "answer": null,
      "text": "-=sazz++sss"
    }
  },
  {
    "model": "surveys.userinputchoiceanswer",
    "pk": 74,
    "fields": {
      "useranswer_ptr": 74,
      "question": 4,
      "answer": null,
      "text": "-=+++sss"
    }
  },
  {
    "model": "surveys.userinputchoiceanswer",
    "pk": 73,
    "fields": {
      "useranswer_ptr": 73,
      "question": 4,
      "answer": null,
      "text": "-=+++=-"
    }
  },
  {
    "model": "surveys.userinputchoiceanswer",
    "pk": 72,
    "fields": {
      "useranswer_ptr": 72,
      "question": 4,
      "answer": null,
      "text": "axxzzzx22222zzxxcxzcxzc"
    }
  },
  {
    "model": "surveys.userinputchoiceanswer",
    "pk": 71,
    "fields": {
      "useranswer_ptr": 71,
      "question": 4,
      "answer": null,
      "text": "axxzzzxzzxxcxzcxzc"
    }
  },
  {
    "model": "surveys.userinputchoiceanswer",
    "pk": 70,
    "fields": {
      "useranswer_ptr": 70,
      "question": 4,
      "answer": 6,
      "text": null
    }
  },
  {
    "model": "surveys.userinputchoiceanswer",
    "pk": 69,
    "fields": {
      "useranswer_ptr": 69,
      "question": 4,
      "answer": 6,
      "text": null
    }
  },
  {
    "model": "surveys.userinputchoiceanswer",
    "pk": 68,
    "fields": {
      "useranswer_ptr": 68,
      "question": 4,
      "answer": 6,
      "text": null
    }
  },
  {
    "model": "surveys.userinputchoiceanswer",
    "pk": 67,
    "fields": {
      "useranswer_ptr": 67,
      "question": 4,
      "answer": 6,
      "text": null
    }
  },
  {
    "model": "surveys.userinputchoiceanswer",
    "pk": 66,
    "fields": {
      "useranswer_ptr": 66,
      "question": 4,
      "answer": 6,
      "text": null
    }
  },
  {
    "model": "surveys.userinputchoiceanswer",
    "pk": 65,
    "fields": {
      "useranswer_ptr": 65,
      "question": 4,
      "answer": 6,
      "text": null
    }
  },
  {
    "model": "surveys.userinputchoiceanswer",
    "pk": 64,
    "fields": {
      "useranswer_ptr": 64,
      "question": 4,
      "answer": 6,
      "text": null
    }
  },
  {
    "model": "surveys.userinputchoiceanswer",
    "pk": 63,
    "fields": {
      "useranswer_ptr": 63,
      "question": 4,
      "answer": 6,
      "text": null
    }
  },
  {
    "model": "surveys.userinputchoiceanswer",
    "pk": 62,
    "fields": {
      "useranswer_ptr": 62,
      "question": 4,
      "answer": 6,
      "text": null
    }
  },
  {
    "model": "surveys.userinputchoiceanswer",
    "pk": 61,
    "fields": {
      "useranswer_ptr": 61,
      "question": 4,
      "answer": 6,
      "text": null
    }
  }
]
